{
    "mean_yaw_mae": 12.03038215637207,
    "mean_pitch_mae": 17.389156341552734,
    "mean_roll_mae": 18.575490951538086,
    "mean_unc_yaw_deg": 3.7310197353363037,
    "mean_unc_pitch_deg": 4.882687091827393,
    "mean_unc_roll_deg": 4.762823104858398
}