{
    "mean_yaw_mae": 11.297833442687988,
    "mean_pitch_mae": 7.174609184265137,
    "mean_roll_mae": 16.19637107849121,
    "mean_unc_yaw_deg": 10.729666709899902,
    "mean_unc_pitch_deg": 18.781152725219727,
    "mean_unc_roll_deg": 15.554361343383789
}