{
    "mean_yaw_mae": 11.579756736755371,
    "mean_pitch_mae": 17.39021873474121,
    "mean_roll_mae": 18.671802520751953,
    "mean_unc_yaw_deg": 4.491516590118408,
    "mean_unc_pitch_deg": 5.590665817260742,
    "mean_unc_roll_deg": 5.4028215408325195
}