,im_path,nose,leftEye,rightEye,leftEar,rightEar,leftShoulder,rightShoulder,leftElbow,rightElbow,leftWrist,rightWrist,leftHip,rightHip,leftKnee,rightKnee,leftAnkle,rightAnkle,head_ypr,shoulder_ypr
0,C:/Users/User/Desktop/General_fold/Thesis code/dataset/01/base_1_ID01/RGB/000000_RGB.png,"[975, 460, 0.6485463]","[1000, 437, 0.718935]","[948, 436, 0.6976049]","[1033, 459, 0.6064387]","[918, 458, 0.57198197]","[1091, 595, 0.89861166]","[866, 598, 0.8870798]","[1130, 774, 0.9372853]","[833, 779, 0.9148063]","[1069, 882, 0.8670608]","[902, 881, 0.889333]","[1075, 878, 0.90250504]","[907, 890, 0.89562213]","[1088, 1097, 0.1]","[897, 1100, 0.1]","[1067, 1210, 0.1]","[917, 1214, 0.1]","[0.840389319951578, -0.7780257318376332, 0.26267737695321414]","[-2.3388339079134437, -14.858920298412913, 0.3723410643364157]"
1,C:/Users/User/Desktop/General_fold/Thesis code/dataset/01/base_1_ID01/RGB/000001_RGB.png,"[975, 460, 0.6596269]","[1000, 437, 0.72369015]","[948, 436, 0.6919648]","[1034, 459, 0.58926123]","[918, 459, 0.5592645]","[1091, 594, 0.9048397]","[866, 598, 0.8875066]","[1131, 772, 0.93639994]","[833, 779, 0.9127755]","[1068, 883, 0.85478914]","[903, 880, 0.89420193]","[1076, 878, 0.8979196]","[906, 889, 0.89605665]","[1090, 1100, 0.1]","[897, 1103, 0.1]","[1067, 1216, 0.1]","[913, 1220, 0.1]","[0.9181695198663528, -0.6612625478459814, 0.23577055588992493]","[-2.576015228302613, -15.012861263921822, 0.5298355009368562]"
