{"loss":{"0":14.8399324417,"1":2.3878295422,"2":2.3758387566,"3":2.369989872,"4":2.3663909435,"5":2.3642809391,"6":2.3626761436,"7":2.3615717888,"8":2.3609323502,"9":2.360370636,"10":2.3600022793,"11":2.359739542,"12":2.3596279621,"13":2.3594126701,"14":2.3592336178,"15":2.3593425751,"16":2.3591942787,"17":2.3591701984,"18":2.3591880798,"19":2.3592789173,"20":2.3592233658,"21":2.3591673374,"22":2.3590612411,"23":2.3591430187},"pitch_MAE_hpe":{"0":8.4448194504,"1":8.3417682648,"2":8.3434553146,"3":8.3426008224,"4":8.3437223434,"5":8.3452396393,"6":8.3416786194,"7":8.3404684067,"8":8.341463089,"9":8.3383054733,"10":8.3396062851,"11":8.3384552002,"12":8.3404283524,"13":8.3395595551,"14":8.3366012573,"15":8.3412322998,"16":8.3402700424,"17":8.3390216827,"18":8.338558197,"19":8.3413667679,"20":8.3400831223,"21":8.3409070969,"22":8.3396968842,"23":8.3393964767},"pitch_Save_UNC":{"0":127.9205322266,"1":48.5951881409,"2":47.949256897,"3":47.4582328796,"4":47.1658363342,"5":46.9158821106,"6":46.7457923889,"7":46.6824302673,"8":46.5922012329,"9":46.5377044678,"10":46.5664634705,"11":46.4978675842,"12":46.4762229919,"13":46.502986908,"14":46.4737815857,"15":46.461605072,"16":46.4688568115,"17":46.4674606323,"18":46.4533882141,"19":46.4512825012,"20":46.4553871155,"21":46.4606666565,"22":46.4517822266,"23":46.4548339844},"pitch_angle_accuracy":{"0":0.8327260613,"1":0.8358207345,"2":0.835657239,"3":0.8356221914,"4":0.8355988264,"5":0.8355054259,"6":0.8355637789,"7":0.8355637789,"8":0.8355637789,"9":0.835680604,"10":0.8355988264,"11":0.8357272744,"12":0.8356455564,"13":0.835657239,"14":0.8357740045,"15":0.8356455564,"16":0.8356689215,"17":0.835680604,"18":0.8357389569,"19":0.8356221914,"20":0.835657239,"21":0.835657239,"22":0.8356689215,"23":0.835680604},"pitch_loss":{"0":7.3991017342,"1":0.8476772308,"2":0.8410441279,"3":0.8370440602,"4":0.8342164755,"5":0.8323670626,"6":0.8310315013,"7":0.8301759958,"8":0.8297072649,"9":0.8292977214,"10":0.829015553,"11":0.8288706541,"12":0.8287622929,"13":0.8286527991,"14":0.8285850286,"15":0.8286095262,"16":0.828551352,"17":0.8285420537,"18":0.8285700083,"19":0.8285861611,"20":0.8285725117,"21":0.8284755349,"22":0.8284518719,"23":0.8285252452},"roll_MAE_hpe":{"0":15.7460575104,"1":15.9536924362,"2":15.9058427811,"3":15.8735361099,"4":15.8615970612,"5":15.8520050049,"6":15.8494434357,"7":15.8460502625,"8":15.8427190781,"9":15.8421735764,"10":15.8416566849,"11":15.8449687958,"12":15.843621254,"13":15.8405399323,"14":15.837395668,"15":15.8438444138,"16":15.8384799957,"17":15.8377246857,"18":15.8428068161,"19":15.8428316116,"20":15.8430595398,"21":15.8387260437,"22":15.8343143463,"23":15.8405122757},"roll_Save_UNC":{"0":102.9817962646,"1":39.4791641235,"2":39.6279716492,"3":39.2461128235,"4":38.9744148254,"5":38.8301353455,"6":38.7389831543,"7":38.6777610779,"8":38.6222305298,"9":38.5854225159,"10":38.5627555847,"11":38.5145988464,"12":38.5290184021,"13":38.52866745,"14":38.4792556763,"15":38.4778556824,"16":38.4909248352,"17":38.4794158936,"18":38.4651222229,"19":38.4663505554,"20":38.4678344727,"21":38.4698867798,"22":38.4655952454,"23":38.4674301147},"roll_angle_accuracy":{"0":0.6654171348,"1":0.6617152691,"2":0.6621356606,"3":0.6627078652,"4":0.6627195477,"5":0.6630348563,"6":0.6630582213,"7":0.6631165743,"8":0.6629530787,"9":0.6629881263,"10":0.6629764438,"11":0.6629297733,"12":0.6629764438,"13":0.6629998088,"14":0.6630932093,"15":0.6629530787,"16":0.6630699039,"17":0.6630699039,"18":0.6629064083,"19":0.6629180908,"20":0.6629764438,"21":0.6630114913,"22":0.6630932093,"23":0.6630699039},"roll_loss":{"0":4.6079592705,"1":0.8121833205,"2":0.8113996983,"3":0.8110640049,"4":0.811040163,"5":0.8111647367,"6":0.8112381697,"7":0.8112195134,"8":0.811150372,"9":0.8111015558,"10":0.8110399246,"11":0.8109907508,"12":0.8109896183,"13":0.8109418154,"14":0.8108795285,"15":0.8109009266,"16":0.8108608723,"17":0.8108618259,"18":0.8108630776,"19":0.8108733892,"20":0.8108789921,"21":0.810891211,"22":0.8108435869,"23":0.8108479381},"yaw_MAE_hpe":{"0":13.6807994843,"1":13.5993967056,"2":13.598575592,"3":13.5990419388,"4":13.5944385529,"5":13.5980968475,"6":13.5989265442,"7":13.5958480835,"8":13.5953865051,"9":13.5979223251,"10":13.595703125,"11":13.595749855,"12":13.5992031097,"13":13.5971822739,"14":13.5944766998,"15":13.5967435837,"16":13.5967998505,"17":13.5966873169,"18":13.596654892,"19":13.5957698822,"20":13.5979585648,"21":13.597618103,"22":13.595705986,"23":13.5972080231},"yaw_Save_UNC":{"0":35.8576660156,"1":25.9144687653,"2":25.6739215851,"3":25.6339073181,"4":25.7066688538,"5":25.7448406219,"6":25.7539291382,"7":25.7845191956,"8":25.7877655029,"9":25.7759475708,"10":25.8109970093,"11":25.8047542572,"12":25.7858123779,"13":25.8158664703,"14":25.8007469177,"15":25.7914848328,"16":25.8065757751,"17":25.8063831329,"18":25.7994728088,"19":25.7988624573,"20":25.8009529114,"21":25.8037319183,"22":25.800031662,"23":25.8018417358},"yaw_angle_accuracy":{"0":0.664085865,"1":0.6670403481,"2":0.667016983,"3":0.666760087,"4":0.6669586301,"5":0.66686517,"6":0.666888535,"7":0.6670053005,"8":0.6670637131,"9":0.6669703126,"10":0.6669819951,"11":0.6670286655,"12":0.6669119,"13":0.666993618,"14":0.6670286655,"15":0.6669119,"16":0.667016983,"17":0.6669819951,"18":0.6669819951,"19":0.6670403481,"20":0.6669119,"21":0.6669586301,"22":0.6670753956,"23":0.6669703126},"yaw_loss":{"0":2.8328769207,"1":0.7279667854,"2":0.7233948112,"3":0.7218817472,"4":0.7211328745,"5":0.7207500935,"6":0.7204073071,"7":0.7201768756,"8":0.7200750113,"9":0.7199718952,"10":0.7199496627,"11":0.7198780775,"12":0.7198752761,"13":0.7198185921,"14":0.7197710872,"15":0.7198323011,"16":0.7197830677,"17":0.7197663784,"18":0.7197548151,"19":0.7198184133,"20":0.7197725773,"21":0.719799757,"22":0.7197688818,"23":0.719769299},"val_loss":{"0":2.4144556522,"1":2.3795342445,"2":2.3724751472,"3":2.3687524796,"4":2.3660519123,"5":2.3643155098,"6":2.3633186817,"7":2.3625392914,"8":2.3619544506,"9":2.3615863323,"10":2.3612825871,"11":2.3610804081,"12":2.3609411716,"13":2.3608453274,"14":2.3607850075,"15":2.3607382774,"16":2.3607134819,"17":2.3606960773,"18":2.3606843948,"19":2.360678196,"20":2.3606731892,"21":2.3606715202,"22":2.3606703281,"23":2.3606688976},"val_pitch_MAE_hpe":{"0":8.3508110046,"1":8.3509225845,"2":8.3537988663,"3":8.3540630341,"4":8.3535690308,"5":8.3533239365,"6":8.3529434204,"7":8.3521776199,"8":8.3519191742,"9":8.351691246,"10":8.3515300751,"11":8.3514699936,"12":8.3513593674,"13":8.351307869,"14":8.3512926102,"15":8.3512659073,"16":8.3512449265,"17":8.3512420654,"18":8.3512353897,"19":8.351231575,"20":8.3512296677,"21":8.3512277603,"22":8.3512277603,"23":8.3512277603},"val_pitch_Save_UNC":{"0":48.202747345,"1":49.1915740967,"2":48.9022750854,"3":48.3035430908,"4":47.6220283508,"5":47.5783882141,"6":47.2693977356,"7":47.0159225464,"8":46.8468475342,"9":46.8064575195,"10":46.6443824768,"11":46.4880485535,"12":46.5444374084,"13":46.4479255676,"14":46.3345794678,"15":46.3969039917,"16":46.374256134,"17":46.3351974487,"18":46.3549804688,"19":46.348651886,"20":46.3491249084,"21":46.3526229858,"22":46.3462142944,"23":46.3463478088},"val_pitch_angle_accuracy":{"0":0.8365456462,"1":0.8367795944,"2":0.8365924358,"3":0.8365924358,"4":0.8363585472,"5":0.8363585472,"6":0.8364053369,"7":0.8364988565,"8":0.8365924358,"9":0.8365924358,"10":0.8366392255,"11":0.8366392255,"12":0.8366860151,"13":0.8366860151,"14":0.8366860151,"15":0.8366860151,"16":0.8366860151,"17":0.8366860151,"18":0.8366860151,"19":0.8366860151,"20":0.8366860151,"21":0.8366860151,"22":0.8366860151,"23":0.8366860151},"val_pitch_loss":{"0":0.860978663,"1":0.8451272845,"2":0.8404095769,"3":0.8376101851,"4":0.8353900313,"5":0.8337640762,"6":0.8329547048,"7":0.8323690295,"8":0.8318930864,"9":0.8316395283,"10":0.8314349651,"11":0.8313046098,"12":0.8312310576,"13":0.8311800361,"14":0.8311560154,"15":0.8311314583,"16":0.8311208487,"17":0.8311163783,"18":0.8311094046,"19":0.8311074376,"20":0.831105113,"21":0.8311035633,"22":0.8311040401,