{"loss":{"0":14.3124799728,"1":2.3927426338,"2":2.3721580505,"3":2.3646154404,"4":2.3605401516,"5":2.3582761288,"6":2.3564829826,"7":2.3551805019,"8":2.3543915749,"9":2.3537659645,"10":2.3532931805,"11":2.3530313969,"12":2.3528192043,"13":2.3526630402,"14":2.352492094,"15":2.3524127007,"16":2.3523876667,"17":2.3523032665,"18":2.3523674011,"19":2.3522522449,"20":2.3522782326},"pitch_MAE_hpe":{"0":8.3976297379,"1":8.3872966766,"2":8.3457756042,"3":8.34349823,"4":8.3401994705,"5":8.3428792953,"6":8.3414506912,"7":8.3401374817,"8":8.3401250839,"9":8.3393373489,"10":8.3397359848,"11":8.340921402,"12":8.3406505585,"13":8.3430395126,"14":8.3414545059,"15":8.3416490555,"16":8.342124939,"17":8.3406229019,"18":8.3430242538,"19":8.3398771286,"20":8.3415088654},"pitch_Save_UNC":{"0":184.9196929932,"1":47.1312675476,"2":47.0099334717,"3":46.8051872253,"4":46.5600662231,"5":46.3962554932,"6":46.2449035645,"7":46.1632232666,"8":46.0337562561,"9":45.981262207,"10":45.9786262512,"11":45.921661377,"12":45.8831329346,"13":45.8992958069,"14":45.8685569763,"15":45.8567810059,"16":45.8602638245,"17":45.8670806885,"18":45.8469047546,"19":45.8464889526,"20":45.8545646667},"pitch_angle_accuracy":{"0":0.8342325091,"1":0.8341391087,"2":0.8355871439,"3":0.8355871439,"4":0.8357272744,"5":0.8356689215,"6":0.835657239,"7":0.835680604,"8":0.8357272744,"9":0.835703969,"10":0.8357389569,"11":0.835703969,"12":0.8357389569,"13":0.8356455564,"14":0.8357155919,"15":0.835680604,"16":0.8357272744,"17":0.835785687,"18":0.8356922865,"19":0.8357623219,"20":0.8357506394},"pitch_loss":{"0":6.8092756271,"1":0.8382797241,"2":0.8323921561,"3":0.8302292228,"4":0.8282667994,"5":0.8269770145,"6":0.8258593082,"7":0.8250145912,"8":0.8245207071,"9":0.8240932226,"10":0.823826611,"11":0.823631227,"12":0.8234499097,"13":0.8233389854,"14":0.8232709169,"15":0.8232254982,"16":0.823217988,"17":0.8231565952,"18":0.8231819868,"19":0.8231304288,"20":0.8231278062},"roll_MAE_hpe":{"0":15.7509183884,"1":15.9961853027,"2":15.9278364182,"3":15.8796262741,"4":15.8589286804,"5":15.8568172455,"6":15.8482971191,"7":15.8432388306,"8":15.8410816193,"9":15.8404979706,"10":15.8436889648,"11":15.8434944153,"12":15.8424024582,"13":15.8416366577,"14":15.841796875,"15":15.8434724808,"16":15.8466959,"17":15.8393917084,"18":15.8426914215,"19":15.8417482376,"20":15.8428468704},"roll_Save_UNC":{"0":81.5841827393,"1":41.1345176697,"2":40.553062439,"3":39.4924812317,"4":38.8979492188,"5":38.5804214478,"6":38.3382949829,"7":38.2350158691,"8":38.1643180847,"9":38.1160392761,"10":38.0769958496,"11":38.0377845764,"12":38.0470314026,"13":38.042804718,"14":37.9944267273,"15":37.9986610413,"16":38.0022964478,"17":37.9947357178,"18":37.9808616638,"19":37.9829368591,"20":37.9867324829},"roll_angle_accuracy":{"0":0.6650084257,"1":0.6610729694,"2":0.6617969871,"3":0.6624276042,"4":0.6628363132,"5":0.6627895832,"6":0.6630932093,"7":0.6631866693,"8":0.6630932093,"9":0.6631633043,"10":0.6630348563,"11":0.6629998088,"12":0.6630699039,"13":0.6630699039,"14":0.6630699039,"15":0.6630932093,"16":0.6629647613,"17":0.6630699039,"18":0.6629881263,"19":0.6630582213,"20":0.6630815864},"roll_loss":{"0":4.7372498512,"1":0.8194428682,"2":0.8133298755,"3":0.8109728694,"4":0.8100456595,"5":0.8095906377,"6":0.8092703223,"7":0.8090395331,"8":0.8088772297,"9":0.8087924719,"10":0.8086776137,"11":0.8086255789,"12":0.8086256981,"13":0.8085540533,"14":0.8085333705,"15":0.8084849119,"16":0.8084768653,"17":0.8084743023,"18":0.8084852099,"19":0.8084815145,"20":0.8084735274},"yaw_MAE_hpe":{"0":13.725194931,"1":13.6011962891,"2":13.596701622,"3":13.597577095,"4":13.5961055756,"5":13.5947351456,"6":13.5972080231,"7":13.5947093964,"8":13.5948915482,"9":13.5962667465,"10":13.5962343216,"11":13.5970144272,"12":13.5991392136,"13":13.5980367661,"14":13.5989084244,"15":13.5983638763,"16":13.5951471329,"17":13.5967483521,"18":13.597278595,"19":13.5985774994,"20":13.598698616},"yaw_Save_UNC":{"0":38.8740272522,"1":26.7610435486,"2":26.2040042877,"3":26.0061836243,"4":26.0347423553,"5":26.047000885,"6":26.0300941467,"7":26.068321228,"8":26.0601577759,"9":26.0400695801,"10":26.0651893616,"11":26.0587902069,"12":26.0368671417,"13":26.0730743408,"14":26.0650806427,"15":26.0478305817,"16":26.061548233,"17":26.0668087006,"18":26.0564861298,"19":26.0582351685,"20":26.0624771118},"yaw_angle_accuracy":{"0":0.6626961827,"1":0.666736722,"2":0.66686517,"3":0.6669819951,"4":0.6669586301,"5":0.6669352651,"6":0.666888535,"7":0.6669235826,"8":0.6669352651,"9":0.66686517,"10":0.6669002175,"11":0.6668301821,"12":0.6667951345,"13":0.6668418646,"14":0.6668184996,"15":0.6668184996,"16":0.6669235826,"17":0.66686517,"18":0.6668184996,"19":0.666736722,"20":0.6668301821},"yaw_loss":{"0":2.765958786,"1":0.735018909,"2":0.7264341712,"3":0.7234144211,"4":0.7222260237,"5":0.7217099071,"6":0.7213567495,"7":0.7211256623,"8":0.7209929228,"9":0.7208795547,"10":0.7207895517,"11":0.7207750082,"12":0.7207455635,"13":0.7207690477,"14":0.7206894159,"15":0.7207019925,"16":0.7206943631,"17":0.7206710577,"18":0.720699966,"19":0.720641613,"20":0.7206769586},"val_loss":{"0":2.4251673222,"1":2.3789455891,"2":2.3675465584,"3":2.363358736,"4":2.3602252007,"5":2.3582649231,"6":2.3571493626,"7":2.3561546803,"8":2.3554244041,"9":2.354940176,"10":2.3545393944,"11":2.3542649746,"12":2.3540775776,"13":2.3539464474,"14":2.3538639545,"15":2.3538062572,"16":2.353771925,"17":2.3537483215,"18":2.3537340164,"19":2.3537247181,"20":2.3537197113},"val_pitch_MAE_hpe":{"0":8.5386161804,"1":8.3563756943,"2":8.3527030945,"3":8.3530731201,"4":8.3525838852,"5":8.3528728485,"6":8.3530035019,"7":8.3526124954,"8":8.3529539108,"9":8.352897644,"10":8.3527975082,"11":8.352807045,"12":8.3527851105,"13":8.3527603149,"14":8.3527708054,"15":8.3527612686,"16":8.3527526855,"17":8.3527565002,"18":8.3527555466,"19":8.3527507782,"20":8.3527526855},"val_pitch_Save_UNC":{"0":47.5257949829,"1":47.2202072144,"2":47.8555374146,"3":47.7110671997,"4":46.9820251465,"5":46.9682197571,"6":46.9136009216,"7":46.4024429321,"8":46.4227333069,"9":46.3220329285,"10":46.1605300903,"11":45.9728012085,"12":45.9996833801,"13":45.909160614,"14":45.8059959412,"15":45.8539466858,"16":45.8345146179,"17":45.8082427979,"18":45.8194046021,"19":45.8166160583,"20":45.8085136414},"val_pitch_angle_accuracy":{"0":0.8301365972,"1":0.8364520669,"2":0.8366392255,"3":0.8364988565,"4":0.8366392255,"5":0.8364988565,"6":0.8364053369,"7":0.8365456462,"8":0.8364520669,"9":0.8364520669,"10":0.8365456462,"11":0.8365456462,"12":0.8365456462,"13":0.8365456462,"14":0.8365456462,"15":0.8365456462,"16":0.8365456462,"17":0.8365456462,"18":0.8365456462,"19":0.8365456462,"20":0.8365456462},"val_pitch_loss":{"0":0.8545424342,"1":0.8355702758,"2":0.8332496881,"3":0.8314679265,"4":0.8297245502,"5":0.828478992,"6":0.8277651668,"7":0.8271377683,"8":0.826635778,"9":0.8263663054,"10":0.8261276484,"11":0.8259436488,"12":0.8258331418,"13":0.8257648349,"14":0.825722158,"15":0.825686872,"16":0.8256707191,"17":0.8256601095,"18":0.8256515265,"19":0.8256470561,"20":0.8256444931},"val_roll_MAE_hpe":{"0":15.9684839249,"1":16.0654449463,"2":15.9837636948,"3":15.9565076828,"4":15.9408664703,"5":15.9356927872,"6":15.9285926819,"7":15.923746109,"8":15.9237670898,"9":15.9219932556,"10":15.9201145172,"11":15.9199495316,"12":15.9197187424,"13":15.9190778732,"14":15.9189538956,"15":15.9189472198,"16":15.9188461304,"17":15.9188089371,"18":15.9188127518,"19":15.918797493,"20":15.9187784195},"val_roll_Save_UNC":{"0":39.5965843201,"1":40.8074073792,"2":39.5630073547,"3":39.3194084167,"4":38.7624435425,"5":38.4502372742,"6":38.5866279602,"7":38.3573112488,"8":38.4407234192,"9":38.2707252502,"10":38.1411437988,"11":38.1425361633,"12":38.0541572571,"13":37.9709968567,"14":37.9492301941,"15":37.9665527344,"16":37.9710121155,"17":37.9570999146,"18":37.965221405,"19":37.9702339172,"20":37.9666595459},"val_roll_angle_accuracy":{"0":0.6626122594,"1":0.6614427567,"2":0.6624251604,"3":0.6633139849,"4":0.6633607745,"5":0.6633139849,"6":0.6638286114,