{"loss":{"0":14.5554847717,"1":2.4492514133,"2":2.4088761806,"3":2.3932538033,"4":2.3859117031,"5":2.3815448284,"6":2.3780443668,"7":2.3749594688,"8":2.3725924492,"9":2.3706045151,"10":2.3690958023,"11":2.3680534363,"12":2.3674359322,"13":2.3670260906,"14":2.3666841984,"15":2.3664262295,"16":2.3664004803,"17":2.3663449287,"18":2.3662109375,"19":2.3661389351,"20":2.3662183285,"21":2.366104126,"22":2.3661091328},"pitch_MAE_hpe":{"0":8.626241684,"1":8.5789270401,"2":8.5766582489,"3":8.5760850906,"4":8.5770359039,"5":8.5754079819,"6":8.573890686,"7":8.5732183456,"8":8.5741062164,"9":8.574713707,"10":8.5731916428,"11":8.5734033585,"12":8.5725383759,"13":8.5739831924,"14":8.5730342865,"15":8.5739078522,"16":8.5730171204,"17":8.5735368729,"18":8.5745220184,"19":8.5746479034,"20":8.5741004944,"21":8.5715913773,"22":8.5725669861},"pitch_Save_UNC":{"0":167.8412780762,"1":50.2038879395,"2":49.974822998,"3":49.56067276,"4":49.4802742004,"5":49.399559021,"6":49.3538208008,"7":49.2702713013,"8":49.1946601868,"9":49.1189880371,"10":48.9631271362,"11":48.895198822,"12":48.8453483582,"13":48.8533973694,"14":48.7043190002,"15":48.7590332031,"16":48.7747955322,"17":48.7585868835,"18":48.7378616333,"19":48.7394676208,"20":48.7503356934,"21":48.7438964844,"22":48.7408599854},"pitch_angle_accuracy":{"0":0.8271999955,"1":0.8288940191,"2":0.8289608359,"3":0.8289608359,"4":0.8289385438,"5":0.8289831281,"6":0.8289608359,"7":0.8289385438,"8":0.829128027,"9":0.8290388584,"10":0.8290722966,"11":0.8290945888,"12":0.8291168809,"13":0.8290277123,"14":0.8290500045,"15":0.8290388584,"16":0.8291057348,"17":0.8290722966,"18":0.8290277123,"19":0.8290500045,"20":0.8290388584,"21":0.8290945888,"22":0.829128027},"pitch_loss":{"0":6.7165565491,"1":0.8713745475,"2":0.8530156612,"3":0.8412725329,"4":0.8354399204,"5":0.8322515488,"6":0.8299811482,"7":0.8282154799,"8":0.8269673586,"9":0.8259986043,"10":0.8253663182,"11":0.8248790503,"12":0.8246725798,"13":0.8245044351,"14":0.8243541121,"15":0.8242533803,"16":0.8242829442,"17":0.8242594004,"18":0.8241773248,"19":0.8241856694,"20":0.8242004514,"21":0.8241409063,"22":0.8241629601},"roll_MAE_hpe":{"0":16.0134925842,"1":16.1103916168,"2":16.166633606,"3":16.1237754822,"4":16.0779590607,"5":16.064491272,"6":16.0581874847,"7":16.0497589111,"8":16.0476951599,"9":16.0409412384,"10":16.0422592163,"11":16.0372505188,"12":16.0415859222,"13":16.044052124,"14":16.0392303467,"15":16.0384960175,"16":16.0455532074,"17":16.0449714661,"18":16.0385665894,"19":16.0414066315,"20":16.0422782898,"21":16.0404605865,"22":16.0428314209},"roll_Save_UNC":{"0":77.8132019043,"1":39.8572463989,"2":41.3695678711,"3":43.3730316162,"4":44.0922393799,"5":43.9333610535,"6":43.5336647034,"7":43.0640335083,"8":42.7250747681,"9":42.3762054443,"10":42.0814056396,"11":41.8168449402,"12":41.747089386,"13":41.6724891663,"14":41.5609855652,"15":41.5827560425,"16":41.580280304,"17":41.5478401184,"18":41.5263519287,"19":41.5238304138,"20":41.5317459106,"21":41.5254135132,"22":41.5211677551},"roll_angle_accuracy":{"0":0.6586683989,"1":0.6574313641,"2":0.6567960978,"3":0.6573199034,"4":0.6579217315,"5":0.6579105854,"6":0.6580109,"7":0.6580554843,"8":0.6580331922,"9":0.6581557393,"10":0.6581668854,"11":0.6582003236,"12":0.658100009,"13":0.6581445932,"14":0.6581334472,"15":0.6582114697,"16":0.658100009,"17":0.6580220461,"18":0.6581891775,"19":0.658111155,"20":0.6581668854,"21":0.6581891775,"22":0.6581334472},"roll_loss":{"0":5.1312642097,"1":0.8259894848,"2":0.8191521168,"3":0.8211289644,"4":0.8226572871,"5":0.8227581978,"6":0.8224089146,"7":0.8218280077,"8":0.8212193251,"9":0.8207060695,"10":0.8202137351,"11":0.8199145794,"12":0.8196774125,"13":0.8195203543,"14":0.8194411993,"15":0.8193308115,"16":0.8192955256,"17":0.8192903996,"18":0.8192577362,"19":0.8191819191,"20":0.8192471266,"21":0.8192505836,"22":0.8192263842},"yaw_MAE_hpe":{"0":14.2492494583,"1":14.2206583023,"2":14.2118225098,"3":14.2105531693,"4":14.2092628479,"5":14.2071647644,"6":14.2079772949,"7":14.2079811096,"8":14.2082157135,"9":14.2103843689,"10":14.2087602615,"11":14.2106962204,"12":14.210313797,"13":14.2101697922,"14":14.2114849091,"15":14.2080869675,"16":14.209151268,"17":14.2116689682,"18":14.209646225,"19":14.206949234,"20":14.2097530365,"21":14.2114267349,"22":14.2100782394},"yaw_Save_UNC":{"0":39.7391471863,"1":27.3797340393,"2":27.0972099304,"3":27.2844791412,"4":27.2732276917,"5":27.2507724762,"6":27.1879234314,"7":27.0819416046,"8":26.9631824493,"9":26.8844947815,"10":26.8366394043,"11":26.7230415344,"12":26.6895141602,"13":26.6611251831,"14":26.657869339,"15":26.6555175781,"16":26.6409893036,"17":26.6334457397,"18":26.6220302582,"19":26.6177368164,"20":26.6204509735,"21":26.6178398132,"22":26.6152477264},"yaw_angle_accuracy":{"0":0.6519926786,"1":0.652639091,"2":0.6531071663,"3":0.6530960202,"4":0.6531183124,"5":0.6531406045,"6":0.6532855034,"7":0.6531517506,"8":0.6530514359,"9":0.6529957056,"10":0.6530291438,"11":0.6528508663,"12":0.652895391,"13":0.6529176831,"14":0.6528730989,"15":0.6529957056,"16":0.652895391,"17":0.6528285742,"18":0.6528842449,"19":0.6529734135,"20":0.6529622674,"21":0.6528508663,"22":0.6528397202},"yaw_loss":{"0":2.7076573372,"1":0.7518873215,"2":0.7367084622,"3":0.7308518291,"4":0.7278160453,"5":0.7265344858,"6":0.7256531715,"7":0.7249170542,"8":0.7244061828,"9":0.7238989472,"10":0.7235146165,"11":0.723259151,"12":0.72308743,"13":0.7230004072,"14":0.7228879333,"15":0.7228431106,"16":0.7228212953,"17":0.7227960229,"18":0.7227753401,"19":0.7227720618,"20":0.7227715254,"21":0.7227137089,"22":0.7227202058},"val_loss":{"0":2.4904596806,"1":2.4288048744,"2":2.4018495083,"3":2.3933308125,"4":2.3882403374,"5":2.3840851784,"6":2.3808567524,"7":2.3783488274,"8":2.3761703968,"9":2.3742096424,"10":2.3731501102,"11":2.3723242283,"12":2.3717300892,"13":2.371383667,"14":2.3711493015,"15":2.3709893227,"16":2.3708920479,"17":2.3708376884,"18":2.3708004951,"19":2.3707752228,"20":2.3707630634,"21":2.3707556725,"22":2.3707504272},"val_pitch_MAE_hpe":{"0":8.655503273,"1":8.6535282135,"2":8.6514616013,"3":8.6508874893,"4":8.6505556107,"5":8.6503734589,"6":8.6503171921,"7":8.6502523422,"8":8.6502037048,"9":8.6502580643,"10":8.6502466202,"11":8.6502332687,"12":8.6502218246,"13":8.6502180099,"14":8.6502065659,"15":8.6502008438,"16":8.6501998901,"17":8.6501979828,"18":8.6501951218,"19":8.6501941681,"20":8.6501951218,"21":8.6501941681,"22":8.6501922607},"val_pitch_Save_UNC":{"0":51.0903282166,"1":48.7112770081,"2":49.2790908813,"3":49.5332717896,"4":49.5376014709,"5":49.521697998,"6":49.6596374512,"7":49.4270210266,"8":49.6176223755,"9":49.5786056519,"10":49.6007194519,"11":49.5834770203,"12":49.6079559326,"13":49.4891014099,"14":49.358291626,"15":49.326499939,"16":49.2897377014,"17":49.2287788391,"18":49.1904144287,"19":49.1866073608,"20":49.1804504395,"21":49.165473938,"22":49.1582641602},"val_pitch_angle_accuracy":{"0":0.8245089054,"1":0.824285686,"2":0.8244642615,"3":0.8245535493,"4":0.8245981932,"5":0.824642837,"6":0.8245981932,"7":0.8245981932,"8":0.8245981932,"9":0.8247321248,"10":0.8247767687,"11":0.8247767687,"12":0.8247767687,"13":0.8247767687,"14":0.8247321248,"15":0.8247321248,"16":0.8247321248,"17":0.8247321248,"18":0.8247321248,"19":0.8247321248,"20":0.8247321248,"21":0.8247321248,"22":0.8247321248},"val_pitch_loss":{"0":0.8866288662,"1":0.8633642793,"2":0.8462762237,"3":0.8392170072,"4":0.8354396224,"5":0.8326438069,"6":0.8306916356,"7":0.829423666,"8":0.8283403516,"9":0.8274698257,"10":0.8270226121,"11":0.8266951442,"12":0.8264627457,"13":0.8263388276,"14":0.8262639642,"15":0.8262076378,"16":0.8261753917,"17":0.8261592388,"18":0.8261480927,"19":0.8261398673,"20":0.8261355758,"21":0.8261338472,"22":0.8261321783},"val_roll_MAE_hpe":{"0":16.1271209717,"1":16.254070282,"2":16.2427558899,"3":16.1920681,"4":16.1641540527,"5":16.1549968719,"6":16.1450176239,"7":16.1427650452,"8":16.1409549713,"9":16.1404037476,"10":16.139509201,"11":16.1391487122,"12":16.1388874054,"13":16.1389141083,"14":16.1386699677,