{"loss":{"0":5.3162593842,"1":2.0705728531,"2":2.0547719002,"3":2.0439589024,"4":2.0379521847,"5":2.0343744755,"6":2.0317804813,"7":2.0303456783,"8":2.0292513371,"9":2.0284059048,"10":2.0280067921,"11":2.0277421474,"12":2.027547121,"13":2.0273947716,"14":2.0273497105,"15":2.0272660255,"16":2.0272214413,"17":2.027215004,"18":2.0271952152,"19":2.0271606445,"20":2.0272123814,"21":2.0270910263},"pitch_MAE_hpe":{"0":8.8673429489,"1":8.8698263168,"2":8.864315033,"3":8.8651361465,"4":8.8641080856,"5":8.8649644852,"6":8.8631629944,"7":8.8646764755,"8":8.8640327454,"9":8.8626947403,"10":8.8636465073,"11":8.8619966507,"12":8.8632535934,"13":8.86191082,"14":8.8626384735,"15":8.8622817993,"16":8.862282753,"17":8.8616294861,"18":8.8623657227,"19":8.8625822067,"20":8.8627414703,"21":8.8621196747},"pitch_Save_UNC":{"0":27.4405212402,"1":15.9651603699,"2":15.8360919952,"3":15.6384181976,"4":15.4858379364,"5":15.3917942047,"6":15.3138389587,"7":15.2768316269,"8":15.2546052933,"9":15.2444238663,"10":15.2358665466,"11":15.2269830704,"12":15.2293024063,"13":15.2200107574,"14":15.2249231339,"15":15.2249259949,"16":15.204199791,"17":15.2190408707,"18":15.2307491302,"19":15.2135667801,"20":15.213845253,"21":15.2179088593},"pitch_angle_accuracy":{"0":0.812091291,"1":0.8137845397,"2":0.8137612343,"3":0.8135276437,"4":0.8137261868,"5":0.8136211038,"6":0.8136911392,"7":0.8136677742,"8":0.8135860562,"9":0.8136444092,"10":0.8136327267,"11":0.8136560917,"12":0.8135510087,"13":0.8136327267,"14":0.8135743737,"15":0.8135159612,"16":0.8135860562,"17":0.8135743737,"18":0.8135393262,"19":0.8135626912,"20":0.8135510087,"21":0.8135743737},"pitch_loss":{"0":1.5852888823,"1":0.6172674894,"2":0.6104815006,"3":0.6059185863,"4":0.6031571031,"5":0.6014597416,"6":0.6002410054,"7":0.599462986,"8":0.5989207029,"9":0.5985562205,"10":0.598338604,"11":0.5982511044,"12":0.5981262922,"13":0.5980657935,"14":0.5980644822,"15":0.5979849696,"16":0.5979919434,"17":0.5979829431,"18":0.5979166031,"19":0.5979409218,"20":0.597957015,"21":0.5978868008},"roll_MAE_hpe":{"0":5.2051415443,"1":5.225048542,"2":5.2240276337,"3":5.2291369438,"4":5.2318954468,"5":5.2341113091,"6":5.2368049622,"7":5.2391877174,"8":5.2378525734,"9":5.236597538,"10":5.2397460938,"11":5.2390642166,"12":5.2386274338,"13":5.2390408516,"14":5.2396373749,"15":5.2366657257,"16":5.2386279106,"17":5.2389774323,"18":5.2378616333,"19":5.2384419441,"20":5.2384552956,"21":5.2381949425},"roll_Save_UNC":{"0":56.8812026978,"1":22.0784835815,"2":21.9189929962,"3":21.8013248444,"4":21.7276248932,"5":21.6432113647,"6":21.5773200989,"7":21.5539627075,"8":21.5091838837,"9":21.4983787537,"10":21.5040359497,"11":21.4747238159,"12":21.4594230652,"13":21.4578361511,"14":21.4661827087,"15":21.4571628571,"16":21.4306430817,"17":21.4495220184,"18":21.4651069641,"19":21.4431438446,"20":21.4436073303,"21":21.4506111145},"roll_angle_accuracy":{"0":0.9292554259,"1":0.9291853309,"2":0.9295240045,"3":0.9294889569,"4":0.9294189215,"5":0.929559052,"6":0.9295123219,"7":0.9295123219,"8":0.9295240045,"9":0.9294772744,"10":0.9294655919,"11":0.9295006394,"12":0.9294772744,"13":0.9295006394,"14":0.9294889569,"15":0.929559052,"16":0.9294889569,"17":0.9294889569,"18":0.9295473695,"19":0.9295123219,"20":0.9295123219,"21":0.9295473695},"roll_loss":{"0":1.7308448553,"1":0.7063660026,"2":0.7031772137,"3":0.7007813454,"4":0.6993364692,"5":0.6983006597,"6":0.6974724531,"7":0.6971094608,"8":0.6967791915,"9":0.6964658499,"10":0.6963849664,"11":0.6962885261,"12":0.6962333918,"13":0.6961966753,"14":0.6961627603,"15":0.6961648464,"16":0.6961318254,"17":0.6961531043,"18":0.6961733103,"19":0.6961426139,"20":0.6961548328,"21":0.6961175799},"yaw_MAE_hpe":{"0":7.2440252304,"1":7.2914118767,"2":7.4191050529,"3":7.7551441193,"4":7.996881485,"5":8.1391019821,"6":8.2215003967,"7":8.2695131302,"8":8.3030042648,"9":8.3237037659,"10":8.3330211639,"11":8.3392028809,"12":8.3451976776,"13":8.3510217667,"14":8.3508291245,"15":8.3513898849,"16":8.3551082611,"17":8.3553276062,"18":8.3546304703,"19":8.3559551239,"20":8.3563508987,"21":8.3556032181},"yaw_Save_UNC":{"0":91.208984375,"1":25.6986026764,"2":24.9039821625,"3":24.4450569153,"4":24.2490100861,"5":24.152803421,"6":24.099407196,"7":24.0647296906,"8":24.0444221497,"9":24.0276203156,"10":24.0081672668,"11":24.0176773071,"12":24.01039505,"13":24.0054225922,"14":24.0021247864,"15":23.9988517761,"16":23.9875774384,"17":24.0014839172,"18":24.0095882416,"19":23.9936981201,"20":23.9941902161,"21":24.0000610352},"yaw_angle_accuracy":{"0":0.8729797006,"1":0.8731899261,"2":0.8717535734,"3":0.86714077,"4":0.864256382,"5":0.8625163436,"6":0.8617572784,"7":0.8607296348,"8":0.8603559136,"9":0.8599939346,"10":0.8598538041,"11":0.8597136736,"12":0.859608531,"13":0.859503448,"14":0.85942173,"15":0.8594684005,"16":0.8594100475,"17":0.85932827,"18":0.8593165874,"19":0.8594100475,"20":0.8593399525,"21":0.8594450951},"yaw_loss":{"0":2.0001275539,"1":0.7469404936,"2":0.7411139011,"3":0.7372584939,"4":0.7354601622,"5":0.7346137166,"6":0.7340664268,"7":0.7337741852,"8":0.7335521579,"9":0.73338449,"10":0.7332831621,"11":0.7332028151,"12":0.7331860662,"13":0.733133018,"14":0.7331216335,"15":0.7331147194,"16":0.7330967784,"17":0.7330786586,"18":0.7331048846,"19":0.7330787778,"20":0.7331005335,"21":0.7330873609},"val_loss":{"0":2.085695982,"1":2.0632238388,"2":2.0499126911,"3":2.0427470207,"4":2.0372598171,"5":2.0339875221,"6":2.032225132,"7":2.0309562683,"8":2.0301039219,"9":2.0296795368,"10":2.029280901,"11":2.0289959908,"12":2.028894186,"13":2.0287895203,"14":2.028724432,"15":2.028701067,"16":2.0286815166,"17":2.028665781,"18":2.0286610126,"19":2.0286626816,"20":2.0286586285,"21":2.0286574364},"val_pitch_MAE_hpe":{"0":8.8322706223,"1":8.8310317993,"2":8.8278160095,"3":8.8306436539,"4":8.8295383453,"5":8.8293037415,"6":8.829161644,"7":8.8287353516,"8":8.8285646439,"9":8.8283891678,"10":8.8283119202,"11":8.8281879425,"12":8.8281326294,"13":8.8281354904,"14":8.8280982971,"15":8.8280744553,"16":8.8280763626,"17":8.8280668259,"18":8.8280639648,"19":8.8280696869,"20":8.8280668259,"21":8.8280649185},"val_pitch_Save_UNC":{"0":15.2493906021,"1":15.1923341751,"2":14.5837478638,"3":14.582652092,"4":14.9062204361,"5":15.0799264908,"6":15.1362380981,"7":15.0065670013,"8":15.0150241852,"9":14.9718770981,"10":15.0454673767,"11":15.1811065674,"12":15.1222047806,"13":15.1625337601,"14":15.2027444839,"15":15.1825532913,"16":15.1652393341,"17":15.1736106873,"18":15.1608123779,"19":15.1358280182,"20":15.1385345459,"21":15.1382522583},"val_pitch_angle_accuracy":{"0":0.8132017255,"1":0.8136695623,"2":0.8132485151,"3":0.813763082,"4":0.813763082,"5":0.813763082,"6":0.8138566613,"7":0.8138566613,"8":0.8138566613,"9":0.813903451,"10":0.8139970303,"11":0.8139970303,"12":0.8139970303,"13":0.8139970303,"14":0.8139970303,"15":0.8139970303,"16":0.8139970303,"17":0.8139970303,"18":0.8139970303,"19":0.8139970303,"20":0.8139970303,"21":0.8139970303},"val_pitch_loss":{"0":0.6273671389,"1":0.6165015101,"2":0.6116083264,"3":0.6080695987,"4":0.605036974,"5":0.6031045318,"6":0.6022133231,"7":0.6016555429,"8":0.6011905074,"9":0.6009790897,"10":0.6007691026,"11":0.6005818844,"12":0.600546062,"13":0.6004928946,"14":0.6004494429,"15":0.6004396081,"16":0.6004351974,"17":0.600425005,"18":0.6004251242,"19":0.6004322171,"20":0.6004290581,"21":0.6004285216},"val_roll_MAE_hpe":{"0":5.2922525406,"1":5.2844567299,"2":5.2837848663,"3":5.2807865143,"4":5.2655162811,"5":5.2617068291,"6":5.262046814,"7":5.2621798515,"8":5.2620792389,"9":5.2630171776,"10":5.2658643723,"11":5.2645816803,"12":5.2645668983,"13":5.2656302452,"14":5.265481472,"15":5.265625,"16":5.2661724091,"17":5.2661700249,"18":5.2661728859,"19":5.2663083076,"20":5.2663121223,"21":5.2663140297},"val_roll_Save_UNC":{"0":22.6221351624,"1":22.2673130035,"2":21.816614151,"3":21.6177139282,"4":22.0034179688,"5":22.1110877991,"6":21.9367580414,"7":21.5762195587,"8":21.406867981,"9":21.3712024689,"10":21.3689136505,"11":21.4571113586,"12":21.4235496521,"13":21.4575443268,