{"loss":{"0":5.5269823074,"1":2.0702400208,"2":2.0575549603,"3":2.0482139587,"4":2.0418376923,"5":2.0376832485,"6":2.0347621441,"7":2.0328404903,"8":2.0318012238,"9":2.0309658051,"10":2.0305109024,"11":2.0301783085,"12":2.0298719406,"13":2.0297305584,"14":2.0296046734,"15":2.0296144485,"16":2.0295367241,"17":2.0295357704,"18":2.0295341015,"19":2.029504776,"20":2.0294082165},"pitch_MAE_hpe":{"0":8.8630208969,"1":8.8517627716,"2":8.8335409164,"3":8.8296813965,"4":8.8370637894,"5":8.8396711349,"6":8.8439922333,"7":8.8445796967,"8":8.844827652,"9":8.8441123962,"10":8.8455820084,"11":8.8453397751,"12":8.8454284668,"13":8.8455896378,"14":8.8459157944,"15":8.844830513,"16":8.8421993256,"17":8.8460159302,"18":8.8444356918,"19":8.8454809189,"20":8.8446207047},"pitch_Save_UNC":{"0":31.1371250153,"1":15.788602829,"2":15.7551031113,"3":15.6017198563,"4":15.4402952194,"5":15.3347949982,"6":15.2665433884,"7":15.2288322449,"8":15.2102060318,"9":15.1990509033,"10":15.2060527802,"11":15.1972169876,"12":15.1884183884,"13":15.1791849136,"14":15.1844491959,"15":15.1850299835,"16":15.1645956039,"17":15.1798200607,"18":15.1900939941,"19":15.1765975952,"20":15.1746778488},"pitch_angle_accuracy":{"0":0.8146721125,"1":0.8139714003,"2":0.8142633438,"3":0.8143100739,"4":0.8141816258,"5":0.8141933084,"6":0.8139714003,"7":0.8139830828,"8":0.8139013648,"9":0.8139130473,"10":0.8139130473,"11":0.8139363527,"12":0.8137962222,"13":0.8138546348,"14":0.8138896823,"15":0.8139247298,"16":0.8140298128,"17":0.8139130473,"18":0.8139480352,"19":0.8139013648,"20":0.8139947653},"pitch_loss":{"0":1.6234965324,"1":0.6164388657,"2":0.6113597751,"3":0.6079096198,"4":0.6050898433,"5":0.6030680537,"6":0.6014428139,"7":0.600440681,"8":0.5998151302,"9":0.5993838906,"10":0.5991414785,"11":0.5989602804,"12":0.5987954736,"13":0.5987566113,"14":0.5986363888,"15":0.5986655354,"16":0.5986635089,"17":0.5986046195,"18":0.5986397266,"19":0.5985819697,"20":0.5985916853},"roll_MAE_hpe":{"0":5.4328384399,"1":5.2345628738,"2":5.2317633629,"3":5.2300152779,"4":5.2305121422,"5":5.232334137,"6":5.2352700233,"7":5.2362852097,"8":5.2341675758,"9":5.2338953018,"10":5.2377238274,"11":5.2365045547,"12":5.2343001366,"13":5.2367010117,"14":5.2357521057,"15":5.2358355522,"16":5.2359566689,"17":5.2362618446,"18":5.2360215187,"19":5.2362670898,"20":5.2376508713},"roll_Save_UNC":{"0":48.699634552,"1":22.0925540924,"2":21.9187145233,"3":21.7810173035,"4":21.6555900574,"5":21.5795040131,"6":21.5201148987,"7":21.4878368378,"8":21.4467144012,"9":21.4444179535,"10":21.4400272369,"11":21.4157943726,"12":21.4008865356,"13":21.3960952759,"14":21.401309967,"15":21.3970527649,"16":21.3730678558,"17":21.3915176392,"18":21.4049434662,"19":21.3850440979,"20":21.3839054108},"roll_angle_accuracy":{"0":0.9283912778,"1":0.9291619658,"2":0.9293838739,"3":0.929430604,"4":0.9293488264,"5":0.929430604,"6":0.929407239,"7":0.9294189215,"8":0.929453969,"9":0.929407239,"10":0.9294422865,"11":0.9294655919,"12":0.9295006394,"13":0.9294422865,"14":0.929453969,"15":0.9294189215,"16":0.929453969,"17":0.9294422865,"18":0.929430604,"19":0.9294189215,"20":0.9293838739},"roll_loss":{"0":1.8168759346,"1":0.7064934373,"2":0.7036237717,"3":0.7016886473,"4":0.7001789808,"5":0.6990174055,"6":0.6981810331,"7":0.6975928545,"8":0.6973442435,"9":0.6970783472,"10":0.6969342232,"11":0.6968336105,"12":0.696726799,"13":0.6966606379,"14":0.6966702938,"15":0.6966807842,"16":0.6966375113,"17":0.6966360807,"18":0.6966360211,"19":0.6966615915,"20":0.6965821385},"yaw_MAE_hpe":{"0":7.1895098686,"1":7.2590432167,"2":7.3773941994,"3":7.6632175446,"4":7.917014122,"5":8.0692148209,"6":8.1639003754,"7":8.2165403366,"8":8.2517499924,"9":8.2766370773,"10":8.2887487411,"11":8.2944631577,"12":8.3008747101,"13":8.3055963516,"14":8.3052453995,"15":8.3077783585,"16":8.3099937439,"17":8.3092412949,"18":8.3090248108,"19":8.310798645,"20":8.3094081879},"yaw_Save_UNC":{"0":74.5898971558,"1":25.7520961761,"2":25.083234787,"3":24.5831871033,"4":24.346868515,"5":24.2506637573,"6":24.1932296753,"7":24.1626491547,"8":24.1448860168,"9":24.1348991394,"10":24.121723175,"11":24.1271419525,"12":24.1264057159,"13":24.1207370758,"14":24.1190567017,"15":24.1158161163,"16":24.1004600525,"17":24.1139564514,"18":24.1250972748,"19":24.1084079742,"20":24.1087913513},"yaw_angle_accuracy":{"0":0.8732833266,"1":0.8738905787,"2":0.872173965,"3":0.8682268262,"4":0.8649803996,"5":0.8633104563,"6":0.861920774,"7":0.8612784743,"8":0.8607529998,"9":0.8604260087,"10":0.8600639701,"11":0.8600406647,"12":0.8599588871,"13":0.8599121571,"14":0.8599121571,"15":0.8599121571,"16":0.8599355221,"17":0.8599472046,"18":0.8599355221,"19":0.8598538041,"20":0.8599472046},"yaw_loss":{"0":2.0866110325,"1":0.7473089099,"2":0.7425712943,"3":0.7386162877,"4":0.7365685701,"5":0.7355979681,"6":0.7351384163,"7":0.7348070145,"8":0.7346403599,"9":0.7345039845,"10":0.7344341874,"11":0.7343841195,"12":0.7343503237,"13":0.7343123555,"14":0.7342994213,"15":0.7342684269,"16":0.7342349887,"17":0.7342941761,"18":0.7342602015,"19":0.7342617512,"20":0.7342346907},"val_loss":{"0":2.0829634666,"1":2.0650699139,"2":2.0556674004,"3":2.048248291,"4":2.0406725407,"5":2.0370256901,"6":2.0350415707,"7":2.0335025787,"8":2.0324833393,"9":2.0319809914,"10":2.0315163136,"11":2.0312359333,"12":2.0311079025,"13":2.0309958458,"14":2.0309240818,"15":2.03089571,"16":2.030870676,"17":2.0308535099,"18":2.0308489799,"19":2.0308504105,"20":2.0308456421},"val_pitch_MAE_hpe":{"0":8.8265552521,"1":8.8044977188,"2":8.7936496735,"3":8.7997217178,"4":8.804060936,"5":8.8068933487,"6":8.8088235855,"7":8.8098306656,"8":8.8105430603,"9":8.8107299805,"10":8.8105659485,"11":8.8106784821,"12":8.8107585907,"13":8.8108253479,"14":8.8108301163,"15":8.8108415604,"16":8.8108587265,"17":8.8108654022,"18":8.8108758926,"19":8.8108901978,"20":8.8108901978},"val_pitch_Save_UNC":{"0":14.5558452606,"1":14.9075012207,"2":14.1463327408,"3":14.237493515,"4":14.9076910019,"5":15.267539978,"6":15.1510353088,"7":14.9086885452,"8":14.9997005463,"9":14.9780349731,"10":15.0871448517,"11":15.1293611526,"12":15.0914869308,"13":15.1189956665,"14":15.1497869492,"15":15.1277561188,"16":15.1254243851,"17":15.1282587051,"18":15.1115550995,"19":15.0882835388,"20":15.0911912918},"val_pitch_angle_accuracy":{"0":0.8133420944,"1":0.813763082,"2":0.8136695623,"3":0.8140437603,"4":0.8141373396,"5":0.8139970303,"6":0.8139502406,"7":0.813903451,"8":0.8139502406,"9":0.8139970303,"10":0.8142309189,"11":0.8141841292,"12":0.8142309189,"13":0.8142309189,"14":0.8142309189,"15":0.8142309189,"16":0.8142309189,"17":0.8142309189,"18":0.8142309189,"19":0.8142309189,"20":0.8142309189},"val_pitch_loss":{"0":0.6264097095,"1":0.6170726418,"2":0.6150277853,"3":0.6115674973,"4":0.6066313386,"5":0.6043845415,"6":0.6033698916,"7":0.6027505994,"8":0.6021015644,"9":0.6018040776,"10":0.6015312076,"11":0.6013533473,"12":0.6012866497,"13":0.6012230515,"14":0.6011733413,"15":0.6011630297,"16":0.6011516452,"17":0.6011397839,"18":0.6011407971,"19":0.6011475325,"20":0.6011437178},"val_roll_MAE_hpe":{"0":5.3044991493,"1":5.2993092537,"2":5.3000478745,"3":5.2860722542,"4":5.2737255096,"5":5.2696919441,"6":5.2658410072,"7":5.2623434067,"8":5.2605862617,"9":5.2627835274,"10":5.2652521133,"11":5.2635183334,"12":5.2636160851,"13":5.2648005486,"14":5.2646307945,"15":5.2646517754,"16":5.2650361061,"17":5.2650332451,"18":5.2650270462,"19":5.2650842667,"20":5.2650823593},"val_roll_Save_UNC":{"0":22.0267162323,"1":22.146150589,"2":21.4590682983,"3":21.1212730408,"4":22.0273933411,"5":22.3339080811,"6":22.1098098755,"7":21.4261398315,"8":21.3774604797,"9":21.3824176788,"10":21.4252643585,"11":21.3850231171,"12":21.3747444153,"13":21.3971691132,"14":21.4103717804,"15":21.4004745483,"16":21.3905620575,"17":21.3922672272,"18":21.3734951019,"19":21.3403930664,"20":21.3443756104},"val_roll_angle_accuracy":{"0":0.9260853529,"1":0.9266934991,"2":0.9265063405,"3":0.9267870784,"4":0.927020967,"5":0.9271145463,"6":0.9271145463,"7":0.927208066,"8":0.9271612763,