{"loss":{"0":4.9842114449,"1":2.0564575195,"2":2.0349230766,"3":2.0188817978,"4":2.0091667175,"5":2.0028274059,"6":1.9987562895,"7":1.9959512949,"8":1.9941489697,"9":1.9929636717,"10":1.9922454357,"11":1.9916452169,"12":1.9914638996,"13":1.9912081957,"14":1.9910186529,"15":1.9908956289,"16":1.9909044504,"17":1.9909067154,"18":1.9907317162,"19":1.9908713102,"20":1.9908138514},"pitch_MAE_hpe":{"0":9.1643819809,"1":9.1600208282,"2":9.1441421509,"3":9.1281070709,"4":9.1183986664,"5":9.116150856,"6":9.1147966385,"7":9.1128921509,"8":9.1110687256,"9":9.1101951599,"10":9.1102905273,"11":9.1085700989,"12":9.1093873978,"13":9.1079740524,"14":9.1091880798,"15":9.1083564758,"16":9.1088056564,"17":9.1072263718,"18":9.1075639725,"19":9.1081857681,"20":9.1061182022},"pitch_Save_UNC":{"0":35.2555541992,"1":16.1961154938,"2":15.8792896271,"3":15.3530960083,"4":15.1283559799,"5":14.9883537292,"6":14.9084033966,"7":14.854640007,"8":14.813369751,"9":14.7509222031,"10":14.7345619202,"11":14.7232027054,"12":14.7105407715,"13":14.6976232529,"14":14.6908407211,"15":14.6887283325,"16":14.6904258728,"17":14.6881370544,"18":14.682352066,"19":14.6887779236,"20":14.6906604767},"pitch_angle_accuracy":{"0":0.7951363921,"1":0.7976662517,"2":0.7979003191,"3":0.7983795404,"4":0.7986136079,"5":0.798624754,"6":0.7987138629,"7":0.7987695932,"8":0.7988587618,"9":0.7988810539,"10":0.7988810539,"11":0.7989702225,"12":0.7988699079,"13":0.7989144921,"14":0.7989033461,"15":0.7989367843,"16":0.7988810539,"17":0.7988922,"18":0.7989813685,"19":0.7989033461,"20":0.7989925146},"pitch_loss":{"0":1.411763072,"1":0.6047863364,"2":0.5944908857,"3":0.5870999098,"4":0.5827426314,"5":0.5800589919,"6":0.5784335136,"7":0.5773873925,"8":0.5766912699,"9":0.5762887597,"10":0.5760505199,"11":0.5758386254,"12":0.5757767558,"13":0.5756906271,"14":0.575609684,"15":0.5755805969,"16":0.5755642653,"17":0.5756011009,"18":0.5755181909,"19":0.5755815506,"20":0.5755681992},"roll_MAE_hpe":{"0":5.6494760513,"1":5.4781112671,"2":5.4616436958,"3":5.4520916939,"4":5.4479651451,"5":5.4391665459,"6":5.4341130257,"7":5.4314780235,"8":5.429520607,"9":5.428000927,"10":5.4252533913,"11":5.4272127151,"12":5.4271883965,"13":5.4261188507,"14":5.425257206,"15":5.426150322,"16":5.4261994362,"17":5.4261980057,"18":5.4239645004,"19":5.4266176224,"20":5.4253864288},"roll_Save_UNC":{"0":47.7840042114,"1":22.1477947235,"2":21.8149547577,"3":21.5891132355,"4":21.3875141144,"5":21.2050113678,"6":20.981803894,"7":20.8328552246,"8":20.7385387421,"9":20.688867569,"10":20.6389598846,"11":20.608499527,"12":20.6131649017,"13":20.6149597168,"14":20.5878829956,"15":20.5801849365,"16":20.5823955536,"17":20.5857524872,"18":20.5788974762,"19":20.5794944763,"20":20.5866012573},"roll_angle_accuracy":{"0":0.9202255607,"1":0.9210614562,"2":0.9210614562,"3":0.9209834337,"4":0.9208162427,"5":0.9207939506,"6":0.9208273888,"7":0.9208496809,"8":0.9208050966,"9":0.9207828045,"10":0.9208385348,"11":0.9207716584,"12":0.9207493663,"13":0.9207939506,"14":0.9208385348,"15":0.9207605124,"16":0.9207939506,"17":0.9207939506,"18":0.920860827,"19":0.9207382202,"20":0.9208273888},"roll_loss":{"0":1.6353322268,"1":0.7005283237,"2":0.6974469423,"3":0.6937705874,"4":0.6914237142,"5":0.6894899011,"6":0.6882175207,"7":0.6872466803,"8":0.6866521239,"9":0.6862410903,"10":0.6859635115,"11":0.6857386827,"12":0.6856814623,"13":0.6855803728,"14":0.6855092049,"15":0.6854374409,"16":0.6854805946,"17":0.685498178,"18":0.6853850484,"19":0.685451448,"20":0.6854661703},"yaw_MAE_hpe":{"0":7.1633548737,"1":7.5726733208,"2":7.6126852036,"3":7.8636746407,"4":8.045879364,"5":8.1626710892,"6":8.2489547729,"7":8.3058795929,"8":8.3376674652,"9":8.3588495255,"10":8.3720006943,"11":8.3789205551,"12":8.3864307404,"13":8.3900489807,"14":8.3906450272,"15":8.3927822113,"16":8.3953914642,"17":8.3966875076,"18":8.3943157196,"19":8.3965482712,"20":8.3962497711},"yaw_Save_UNC":{"0":60.3342170715,"1":26.6763381958,"2":25.3117752075,"3":24.718706131,"4":24.342092514,"5":24.1297874451,"6":23.9794216156,"7":23.8851146698,"8":23.8282146454,"9":23.7788982391,"10":23.7466449738,"11":23.7358665466,"12":23.7188472748,"13":23.7073230743,"14":23.6925258636,"15":23.6979484558,"16":23.6984558105,"17":23.6906642914,"18":23.6911087036,"19":23.69622612,"20":23.7013492584},"yaw_angle_accuracy":{"0":0.8729047775,"1":0.8695056438,"2":0.8686808944,"3":0.8654488921,"4":0.8637103438,"5":0.8623729348,"6":0.861124754,"7":0.8601105809,"8":0.8596758842,"9":0.8591297865,"10":0.8589626551,"11":0.8587062955,"12":0.8585057259,"13":0.8584499955,"14":0.8584611416,"15":0.858371973,"16":0.8582939506,"17":0.8582605124,"18":0.8583273888,"19":0.8582828045,"20":0.8582605124},"yaw_loss":{"0":1.9371144772,"1":0.7511437535,"2":0.7429866195,"3":0.7380101085,"4":0.7349994779,"5":0.7332777381,"6":0.7321032882,"7":0.7313174009,"8":0.7308055162,"9":0.7304332852,"10":0.7302298546,"11":0.7300668359,"12":0.7300046682,"13":0.7299359441,"14":0.7298993468,"15":0.7298774719,"16":0.7298600078,"17":0.7298084497,"18":0.729829371,"19":0.729837954,"20":0.7297788858},"val_loss":{"0":2.0725786686,"1":2.043823719,"2":2.0229203701,"3":2.0107457638,"4":2.0032279491,"5":1.9980792999,"6":1.9943339825,"7":1.9923239946,"8":1.9909193516,"9":1.989962101,"10":1.9894251823,"11":1.9890494347,"12":1.9888164997,"13":1.9886753559,"14":1.9885957241,"15":1.9885346889,"16":1.9885002375,"17":1.9884809256,"18":1.9884636402,"19":1.9884556532,"20":1.9884518385},"val_pitch_MAE_hpe":{"0":9.2057657242,"1":9.2186384201,"2":9.19485569,"3":9.1836853027,"4":9.1754522324,"5":9.1739139557,"6":9.1735582352,"7":9.1704864502,"8":9.169470787,"9":9.1683607101,"10":9.1680021286,"11":9.1677265167,"12":9.1673803329,"13":9.1672105789,"14":9.1670770645,"15":9.167014122,"16":9.1669750214,"17":9.1669530869,"18":9.1669425964,"19":9.166929245,"20":9.1669235229},"val_pitch_Save_UNC":{"0":15.5562400818,"1":14.7736749649,"2":14.416021347,"3":14.3105354309,"4":14.3730707169,"5":14.2579698563,"6":14.6055116653,"7":14.65604496,"8":14.4653310776,"9":14.6703109741,"10":14.5909643173,"11":14.5231208801,"12":14.5894298553,"13":14.5821247101,"14":14.6074962616,"15":14.6061592102,"16":14.6019544601,"17":14.5908508301,"18":14.584528923,"19":14.5847349167,"20":14.5832643509},"val_pitch_angle_accuracy":{"0":0.7938392758,"1":0.7934821248,"2":0.7942857146,"3":0.7950446606,"4":0.7959374785,"5":0.7962053418,"6":0.7960714102,"7":0.7963839173,"8":0.7966071367,"9":0.7966517806,"10":0.7966964245,"11":0.7967410684,"12":0.7967410684,"13":0.7967410684,"14":0.7967410684,"15":0.7967857122,"16":0.7967857122,"17":0.7967857122,"18":0.7967857122,"19":0.7967857122,"20":0.7967857122},"val_pitch_loss":{"0":0.6145644188,"1":0.5986143351,"2":0.5884202719,"3":0.5826827884,"4":0.5794457197,"5":0.5774008632,"6":0.5760304928,"7":0.5753701925,"8":0.5748531818,"9":0.5745952725,"10":0.574387908,"11":0.5742368102,"12":0.5741623044,"13":0.5741152167,"14":0.5740923882,"15":0.5740653872,"16":0.5740532875,"17":0.5740454197,"18":0.5740380883,"19":0.5740353465,"20":0.5740337968},"val_roll_MAE_hpe":{"0":5.4491419792,"1":5.4185781479,"2":5.405049324,"3":5.3941602707,"4":5.3884158134,"5":5.3837718964,"6":5.3824424744,"7":5.3877205849,"8":5.3883581161,"9":5.3900308609,"10":5.390212059,"11":5.3917665482,"12":5.3927893639,"13":5.3923578262,"14":5.3931269646,"15":5.393119812,"16":5.3930783272,"17":5.3929710388,"18":5.3928408623,"19":5.3928508759,"20":5.3928227425},"val_roll_Save_UNC":{"0":21.3492565155,"1":20.1896629333,"2":20.0815162659,"3":19.9427642822,"4":19.9211654663,"5":19.8002738953,"6":20.0729980469,"7":20.1807079315,"8":20.2093486786,"9":20.4401435852,"10":20.4616413116,"11":20.4468688965,"12":20.5572528839,"13":20.5157432556,"14":20.5333328247,"15":20.5170116425,"16":20.5127639771,"17":20.4982051849,"18":20.4822978973,"19":20.4833145142,"20":20.4809989929},"val_roll_angle_accuracy":{"0":0.9200000167,"1":0.9205357432,"2":0.9204018116,"3":0.92026788,"4":0.9202232361,"5":0.92026788,"6":0.9202232361,"7":0.92026788,"8":0.9201339483,"9":0.9201339483,