{"loss":{"0":5.4583835602,"1":2.0570702553,"2":2.037122488,"3":2.0286757946,"4":2.0234851837,"5":2.02003479,"6":2.0174233913,"7":2.0157687664,"8":2.0148055553,"9":2.0139505863,"10":2.0134277344,"11":2.0131018162,"12":2.0129718781,"13":2.0127847195,"14":2.0126709938,"15":2.0125601292,"16":2.0125904083,"17":2.0124967098,"18":2.0125105381,"19":2.0125348568},"pitch_MAE_hpe":{"0":9.1491413116,"1":9.1282329559,"2":9.1236782074,"3":9.1202573776,"4":9.1136636734,"5":9.1131134033,"6":9.1099901199,"7":9.1105041504,"8":9.1096076965,"9":9.1095466614,"10":9.1100654602,"11":9.1086816788,"12":9.1089305878,"13":9.1089334488,"14":9.1096343994,"15":9.1078529358,"16":9.1076583862,"17":9.1074390411,"18":9.1073493958,"19":9.1092472076},"pitch_Save_UNC":{"0":33.7927246094,"1":17.8092384338,"2":17.358757019,"3":16.5526123047,"4":16.1986865997,"5":15.9887008667,"6":15.8189706802,"7":15.7382354736,"8":15.6794204712,"9":15.6197299957,"10":15.5868835449,"11":15.5681419373,"12":15.5609998703,"13":15.5492553711,"14":15.5417556763,"15":15.5382766724,"16":15.5431194305,"17":15.5341739655,"18":15.5363807678,"19":15.5400457382},"pitch_angle_accuracy":{"0":0.7963289022,"1":0.7986359,"2":0.798725009,"3":0.7988587618,"4":0.7990705371,"5":0.7990259528,"6":0.7991819978,"7":0.7992376685,"8":0.7992599607,"9":0.799215436,"10":0.7991597056,"11":0.7993268371,"12":0.7992822528,"13":0.7993602753,"14":0.7992711067,"15":0.7993937135,"16":0.7993825674,"17":0.7994271517,"18":0.7994048595,"19":0.7993379831},"pitch_loss":{"0":1.5227133036,"1":0.6100127697,"2":0.6004971862,"3":0.5968725085,"4":0.594519794,"5":0.592863977,"6":0.5915896893,"7":0.5907506347,"8":0.5902677774,"9":0.5898603797,"10":0.5895601511,"11":0.589430809,"12":0.5893831849,"13":0.5892509818,"14":0.5892087221,"15":0.5891782045,"16":0.5891958475,"17":0.5891407728,"18":0.5891222358,"19":0.5891495347},"roll_MAE_hpe":{"0":5.7329411507,"1":5.448114872,"2":5.448413372,"3":5.4509077072,"4":5.4495491982,"5":5.4461426735,"6":5.4394898415,"7":5.4420990944,"8":5.4402565956,"9":5.4396567345,"10":5.4362750053,"11":5.4378213882,"12":5.4387278557,"13":5.4376821518,"14":5.4370818138,"15":5.4378581047,"16":5.4380779266,"17":5.4376635551,"18":5.4367861748,"19":5.4380793571},"roll_Save_UNC":{"0":42.0777282715,"1":23.0152111053,"2":22.4378757477,"3":22.1086940765,"4":21.9004650116,"5":21.7815132141,"6":21.6396350861,"7":21.5494270325,"8":21.4961547852,"9":21.4760913849,"10":21.4336109161,"11":21.4171333313,"12":21.4196872711,"13":21.4230213165,"14":21.4030895233,"15":21.3958206177,"16":21.4050598145,"17":21.3991127014,"18":21.3975658417,"19":21.3994846344},"roll_angle_accuracy":{"0":0.9199358225,"1":0.920704782,"2":0.9206156135,"3":0.920437336,"4":0.9203370214,"5":0.9203816056,"6":0.920437336,"7":0.9204038978,"8":0.9204150438,"9":0.9203593135,"10":0.920437336,"11":0.9204150438,"12":0.9203927517,"13":0.9203593135,"14":0.920437336,"15":0.9203927517,"16":0.9204038978,"17":0.9204150438,"18":0.9204261899,"19":0.9203816056},"roll_loss":{"0":1.7935967445,"1":0.7005753517,"2":0.6983525157,"3":0.6964745522,"4":0.6951654553,"5":0.6940912008,"6":0.6932706237,"7":0.6927663684,"8":0.6924666166,"9":0.6921630502,"10":0.6920347214,"11":0.6919160485,"12":0.6918489337,"13":0.6918106079,"14":0.6917458773,"15":0.6917279959,"16":0.6917349696,"17":0.6917229891,"18":0.6917577982,"19":0.6917080879},"yaw_MAE_hpe":{"0":7.1630630493,"1":7.5548038483,"2":7.6076683998,"3":7.842154026,"4":7.9782371521,"5":8.0596752167,"6":8.1040439606,"7":8.1359453201,"8":8.1567850113,"9":8.1680707932,"10":8.1743450165,"11":8.1784086227,"12":8.1827716827,"13":8.1851320267,"14":8.1839485168,"15":8.1858129501,"16":8.1874723434,"17":8.1865434647,"18":8.1889743805,"19":8.1875810623},"yaw_Save_UNC":{"0":65.843132019,"1":26.3505210876,"2":24.8402233124,"3":24.4697055817,"4":24.274684906,"5":24.163482666,"6":24.1041278839,"7":24.0650157928,"8":24.0473423004,"9":24.0224380493,"10":24.0114688873,"11":24.0136184692,"12":23.998167038,"13":23.9874897003,"14":23.9788742065,"15":23.9881973267,"16":23.9906997681,"17":23.9815750122,"18":23.9809398651,"19":23.9850902557},"yaw_angle_accuracy":{"0":0.8733728528,"1":0.8694833517,"2":0.867934227,"3":0.8656941056,"4":0.8650699854,"5":0.8638440371,"6":0.8634539843,"7":0.8631085157,"8":0.8627073169,"9":0.8626738787,"10":0.8626850247,"11":0.8625847101,"12":0.8625178337,"13":0.8624955416,"14":0.8625847101,"15":0.8625512719,"16":0.8624621034,"17":0.8625401258,"18":0.8624732494,"19":0.8625066876},"yaw_loss":{"0":2.1420714855,"1":0.7464815378,"2":0.7382719517,"3":0.7353289127,"4":0.7338014841,"5":0.733079493,"6":0.7325639725,"7":0.7322506905,"8":0.7320690751,"9":0.7319251299,"10":0.7318330407,"11":0.7317544222,"12":0.7317399383,"13":0.7317234278,"14":0.73171556,"15":0.731654346,"16":0.7316601276,"17":0.7316333652,"18":0.7316322327,"19":0.7316777706},"val_loss":{"0":2.0825033188,"1":2.0396747589,"2":2.0277745724,"3":2.0223658085,"4":2.0189468861,"5":2.0153844357,"6":2.0136618614,"7":2.0123171806,"8":2.0114049911,"9":2.0107707977,"10":2.0104179382,"11":2.0101742744,"12":2.0100262165,"13":2.0099372864,"14":2.0098822117,"15":2.0098452568,"16":2.0098223686,"17":2.0098090172,"18":2.0097985268,"19":2.0097925663},"val_pitch_MAE_hpe":{"0":9.1866807938,"1":9.1859989166,"2":9.1814308167,"3":9.1768131256,"4":9.1723251343,"5":9.1703720093,"6":9.1694011688,"7":9.168756485,"8":9.1684207916,"9":9.168132782,"10":9.1679964066,"11":9.1679267883,"12":9.1678104401,"13":9.1677522659,"14":9.1677017212,"15":9.1676778793,"16":9.1676588058,"17":9.1676464081,"18":9.167640686,"19":9.1676368713},"val_pitch_Save_UNC":{"0":15.8719491959,"1":17.0869884491,"2":16.4760398865,"3":15.6477613449,"4":15.3387794495,"5":15.597779274,"6":15.4717702866,"7":15.5917005539,"8":15.5983552933,"9":15.4813299179,"10":15.3405389786,"11":15.320731163,"12":15.3837194443,"13":15.3881645203,"14":15.4031505585,"15":15.4132909775,"16":15.4067897797,"17":15.3984260559,"18":15.3957214355,"19":15.3950529099},"val_pitch_angle_accuracy":{"0":0.7950000167,"1":0.7948660851,"2":0.7953571677,"3":0.7955357432,"4":0.7962946296,"5":0.7964285612,"6":0.796517849,"7":0.7965624928,"8":0.7967857122,"9":0.7967857122,"10":0.7967410684,"11":0.7967857122,"12":0.7968303561,"13":0.7968303561,"14":0.7968303561,"15":0.796875,"16":0.796875,"17":0.796875,"18":0.796875,"19":0.796875},"val_pitch_loss":{"0":0.6268966794,"1":0.6004561186,"2":0.5955166817,"3":0.5929558277,"4":0.5912114978,"5":0.5896229744,"6":0.5887096524,"7":0.5881622434,"8":0.587725997,"9":0.5874040723,"10":0.5872099996,"11":0.5870889425,"12":0.5870175362,"13":0.5869771242,"14":0.5869523287,"15":0.5869348645,"16":0.5869227648,"17":0.5869153738,"18":0.5869105458,"19":0.586907804},"val_roll_MAE_hpe":{"0":5.3952989578,"1":5.4038686752,"2":5.4020967484,"3":5.3946390152,"4":5.3902807236,"5":5.3995718956,"6":5.3948745728,"7":5.4035840034,"8":5.4063177109,"9":5.4048447609,"10":5.4033350945,"11":5.4045724869,"12":5.4058065414,"13":5.4058246613,"14":5.4065361023,"15":5.4067430496,"16":5.406619072,"17":5.4065933228,"18":5.4065146446,"19":5.4065198898},"val_roll_Save_UNC":{"0":20.8221225739,"1":21.8114070892,"2":21.3017349243,"3":20.762638092,"4":20.3531188965,"5":20.9116706848,"6":20.6226711273,"7":21.0126495361,"8":21.3332252502,"9":21.2788295746,"10":21.2230319977,"11":21.2330112457,"12":21.3305492401,"13":21.3179664612,"14":21.3169898987,"15":21.3216629028,"16":21.3136329651,"17":21.3022689819,"18":21.2899017334,"19":21.2915401459},"val_roll_angle_accuracy":{"0":0.9203125238,"1":0.9200893044,"2":0.9200893044,"3":0.9200446606,"4":0.9200446606,"5":0.9198660851,"6":0.9198660851,"7":0.9197321534,"8":0.9196875095,"9":0.9196875095,"10":0.9196875095,"11":0.9196875095,"12":0.9196428657,"13":0.9196428657,"14":0.9196428657,"15":0.9196428657,"16":0.9196428657,"17":0.9196428657,"18":0.9196428657,"19":0.9196428657},"val_roll_loss":{"0":0.7002533674,"1":0.6971195936,"2":0.6947827339,"3":0.6937724948,"4":0.6930643916,"5":0.691628933,"6":0.6911743879,"7":0.6906295419,"8":0.6903129816,"9":0.6901299357,